{"n_items": 35603, "sum_accum_mean": -0.49032747745513916, "sum_accum_std": 1007.36669921875}