{"n_items": 31562, "sum_accum_mean": -0.43578580021858215, "sum_accum_std": 892.4262084960938}